crop,country,year,clp_export_quantity,clp_export_value,clp_import_quantity,clp_import_value
Abaca,World,2013,3,3,6,7
Abaca,World,2012,2,2,4,4
Abaca,World,2010,1,2,5,6
Abaca,World,2011,5,5,6,7
Adlay,World,2010,NA,NA,NA,NA
Adlay,World,2011,NA,NA,NA,NA
Adlay,World,2012,NA,NA,NA,NA
Adlay,World,2013,NA,NA,NA,NA
Adzuki bean,World,2010,131,134,176,178
Adzuki bean,World,2011,135,140,178,178
Adzuki bean,World,2012,135,140,178,178
Adzuki bean,World,2013,135,139,182,182
Agave,World,2010,NA,NA,NA,NA
Agave,World,2011,NA,NA,NA,NA
Agave,World,2012,NA,NA,NA,NA
Agave,World,2013,NA,NA,NA,NA
Albardine,World,2010,NA,NA,NA,NA
Albardine,World,2011,NA,NA,NA,NA
Albardine,World,2012,NA,NA,NA,NA
Albardine,World,2013,NA,NA,NA,NA
Alfalfa,World,2010,57,54,104,104
Alfalfa,World,2011,61,62,97,99
Alfalfa,World,2013,55,55,98,100
Alfalfa,World,2012,59,60,102,104
Allspice,World,2010,130,135,163,164
Allspice,World,2011,134,136,166,166
Allspice,World,2012,136,137,172,172
Allspice,World,2013,134,135,171,172
Almonds,World,2010,77,80,143,150
Almonds,World,2011,83,88,143,149
Almonds,World,2012,84,91,147,155
Almonds,World,2013,88,93,151,160
Amaranth,World,2010,NA,NA,NA,NA
Amaranth,World,2011,NA,NA,NA,NA
Amaranth,World,2012,NA,NA,NA,NA
Amaranth,World,2013,NA,NA,NA,NA
Anise,World,2010,94,101,152,162
Anise,World,2011,99,102,154,161
Anise,World,2012,101,107,156,163
Anise,World,2013,101,104,158,165
Apple,World,2010,112,114,192,193
Apple,World,2011,113,112,192,192
Apple,World,2012,112,113,192,192
Apple,World,2013,115,117,190,190
Apricot,World,2010,83,84,139,147
Apricot,World,2011,82,85,138,145
Apricot,World,2012,80,85,140,145
Apricot,World,2013,85,87,137,145
Areca nuts,World,2010,114,118,159,171
Areca nuts,World,2011,108,116,165,174
Areca nuts,World,2012,112,112,164,174
Areca nuts,World,2013,111,114,168,176
Arracacha,World,2010,80,82,103,115
Arracacha,World,2011,84,85,107,117
Arracacha,World,2012,89,95,111,120
Arracacha,World,2013,87,91,117,125
Arrhenatherum,World,2010,NA,NA,NA,NA
Arrhenatherum,World,2011,NA,NA,NA,NA
Arrhenatherum,World,2012,NA,NA,NA,NA
Arrhenatherum,World,2013,NA,NA,NA,NA
Arrowroot,World,2010,80,82,103,115
Arrowroot,World,2011,84,85,107,117
Arrowroot,World,2012,89,95,111,120
Arrowroot,World,2013,87,91,117,125
Artichokes,World,2010,19,21,35,37
Artichokes,World,2011,23,24,36,37
Artichokes,World,2012,42,44,68,68
Artichokes,World,2013,46,47,82,86
Asparagus,World,2010,57,62,108,113
Asparagus,World,2011,64,65,110,117
Asparagus,World,2012,60,62,120,123
Asparagus,World,2013,57,63,128,131
Atemoya,World,2010,46,48,72,77
Atemoya,World,2011,40,44,71,76
Atemoya,World,2012,45,48,75,79
Atemoya,World,2013,46,46,78,82
Avocado,World,2010,73,75,113,113
Avocado,World,2011,74,83,110,112
Avocado,World,2012,80,83,114,116
Avocado,World,2013,86,92,118,122
Azarole,World,2010,129,131,170,174
Azarole,World,2011,135,137,169,171
Azarole,World,2012,135,136,175,176
Azarole,World,2013,136,137,174,177
Babaco,World,2010,129,131,170,174
Babaco,World,2011,135,137,169,171
Babaco,World,2012,135,136,175,176
Babaco,World,2013,136,137,174,177
Badian,World,2010,94,101,152,162
Badian,World,2011,99,102,154,161
Badian,World,2012,101,107,156,163
Badian,World,2013,101,104,158,165
Bambara bean,World,2010,NA,NA,NA,NA
Bambara bean,World,2011,NA,NA,NA,NA
Bambara bean,World,2012,17,17,20,23
Bambara bean,World,2013,23,23,28,29
Bamboo shoot,World,2010,147,146,185,186
Bamboo shoot,World,2011,153,153,186,187
Bamboo shoot,World,2012,145,146,181,181
Bamboo shoot,World,2013,149,148,186,189
Bananas,World,2010,112,112,140,137
Bananas,World,2011,113,114,141,145
Bananas,World,2012,109,108,140,143
Bananas,World,2013,112,110,144,144
Barley,World,2010,149,151,197,198
Barley,World,2011,150,150,197,197
Barley,World,2012,148,147,198,198
Barley,World,2013,150,150,199,199
Bay leaf,World,2010,131,145,188,191
Bay leaf,World,2011,134,143,188,189
Bay leaf,World,2012,139,145,190,191
Bay leaf,World,2013,140,144,191,191
Beech nut,World,2010,100,103,143,147
Beech nut,World,2011,101,103,149,151
Beech nut,World,2012,100,103,148,154
Beech nut,World,2013,106,107,154,162
Beets,World,2010,49,49,70,69
Beets,World,2011,49,49,70,69
Beets,World,2012,51,50,70,69
Beets,World,2013,49,49,74,74
Black gram,World,2010,131,134,176,178
Black gram,World,2011,135,140,178,178
Black gram,World,2012,135,140,178,178
Black gram,World,2013,135,139,182,182
Black salsify,World,2010,147,146,185,186
Black salsify,World,2011,153,153,186,187
Black salsify,World,2012,145,146,181,181
Black salsify,World,2013,149,148,186,189
Blueberry,World,2010,29,29,35,36
Blueberry,World,2011,29,29,36,38
Blueberry,World,2012,27,29,33,36
Blueberry,World,2013,29,29,33,37
Brazil nut,World,2010,39,47,73,93
Brazil nut,World,2011,42,49,82,96
Brazil nut,World,2012,42,49,92,105
Brazil nut,World,2013,39,49,87,104
Breadfruit,World,2010,46,48,72,77
Breadfruit,World,2011,40,44,71,76
Breadfruit,World,2012,45,48,75,79
Breadfruit,World,2013,46,46,78,82
Buckwheat,World,2010,45,46,79,83
Buckwheat,World,2011,49,51,81,86
Buckwheat,World,2012,58,59,88,90
Buckwheat,World,2013,49,53,82,87
Butter-nut,World,2010,114,118,159,171
Butter-nut,World,2011,108,116,165,174
Butter-nut,World,2012,112,112,164,174
Butter-nut,World,2013,111,114,168,176
Butternut squash,World,2010,46,47,54,55
Butternut squash,World,2011,47,48,53,52
Butternut squash,World,2012,86,87,88,89
Butternut squash,World,2013,93,95,98,101
Cabbages,World,2010,114,115,151,151
Cabbages,World,2011,114,116,154,156
Cabbages,World,2012,111,113,155,153
Cabbages,World,2013,117,117,161,163
Cabbages and other brassicas,World,2010,114,115,151,151
Cabbages and other brassicas,World,2011,114,116,154,156
Cabbages and other brassicas,World,2012,111,113,155,153
Cabbages and other brassicas,World,2013,117,117,161,163
Caesarweed,World,2010,NA,NA,NA,NA
Caesarweed,World,2011,NA,NA,NA,NA
Caesarweed,World,2012,NA,NA,NA,NA
Caesarweed,World,2013,NA,NA,NA,NA
Cainito,World,2010,46,48,72,77
Cainito,World,2011,40,44,71,76
Cainito,World,2012,45,48,75,79
Cainito,World,2013,46,46,78,82
Calabash,World,2010,46,47,54,55
Calabash,World,2011,47,48,53,52
Calabash,World,2012,86,87,88,89
Calabash,World,2013,93,95,98,101
Canary seed,World,2010,38,39,88,87
Canary seed,World,2011,39,39,90,88
Canary seed,World,2012,41,43,93,93
Canary seed,World,2013,40,41,94,96
Candlenut,World,2010,100,103,143,147
Candlenut,World,2011,101,103,149,151
Candlenut,World,2012,100,103,148,154
Candlenut,World,2013,106,107,154,162
Canola,World,2010,114,115,151,151
Canola,World,2011,114,116,154,156
Canola,World,2012,111,113,155,153
Canola,World,2013,117,117,161,163
Capers,World,2010,147,146,185,186
Capers,World,2011,153,153,186,187
Capers,World,2012,145,146,181,181
Capers,World,2013,149,148,186,189
Carambola,World,2010,46,48,72,77
Carambola,World,2011,40,44,71,76
Carambola,World,2012,45,48,75,79
Carambola,World,2013,46,46,78,82
Carapa,World,2010,100,103,143,147
Carapa,World,2011,101,103,149,151
Carapa,World,2012,100,103,148,154
Carapa,World,2013,106,107,154,162
Cardamoms,World,2010,81,92,138,148
Cardamoms,World,2011,79,89,137,150
Cardamoms,World,2012,83,93,144,151
Cardamoms,World,2013,78,90,143,155
Carneros Yucca,World,2010,NA,NA,NA,NA
Carneros Yucca,World,2011,NA,NA,NA,NA
Carneros Yucca,World,2012,NA,NA,NA,NA
Carneros Yucca,World,2013,NA,NA,NA,NA
Caroa,World,2010,NA,NA,NA,NA
Caroa,World,2011,NA,NA,NA,NA
Caroa,World,2012,NA,NA,NA,NA
Caroa,World,2013,NA,NA,NA,NA
Carobs,World,2010,NA,NA,NA,NA
Carobs,World,2011,NA,NA,NA,NA
Carobs,World,2012,NA,NA,NA,NA
Carobs,World,2013,NA,NA,NA,NA
Carrots,World,2010,95,95,131,129
Carrots,World,2011,100,99,134,130
Carrots,World,2012,103,101,138,138
Carrots,World,2013,104,101,139,136
Cashews,World,2010,81,86,135,146
Cashews,World,2011,82,88,130,143
Cashews,World,2012,90,96,137,145
Cashews,World,2013,96,99,147,151
Cassava,World,2011,82,84,137,139
Cassava,World,2010,86,88,142,146
Cassava,World,2012,82,91,143,150
Cassava,World,2013,88,94,146,151
Castor bean,World,2010,57,64,123,132
Castor bean,World,2011,59,67,130,137
Castor bean,World,2012,62,66,131,140
Castor bean,World,2013,57,64,136,145
Ceara,World,2010,NA,NA,NA,NA
Ceara,World,2011,NA,NA,NA,NA
Ceara,World,2012,NA,NA,NA,NA
Ceara,World,2013,NA,NA,NA,NA
Celery,World,2010,147,146,185,186
Celery,World,2011,153,153,186,187
Celery,World,2012,145,146,181,181
Celery,World,2013,149,148,186,189
Cherimoya,World,2010,46,48,72,77
Cherimoya,World,2011,40,44,71,76
Cherimoya,World,2012,45,48,75,79
Cherimoya,World,2013,46,46,78,82
Cherries,World,2010,69,72,125,126
Cherries,World,2011,67,70,123,128
Cherries,World,2012,70,74,124,132
Cherries,World,2013,73,79,124,132
Chervil,World,2010,147,146,185,186
Chervil,World,2011,153,153,186,187
Chervil,World,2012,145,146,181,181
Chervil,World,2013,149,148,186,189
Chestnuts,World,2010,55,56,91,100
Chestnuts,World,2011,60,62,88,104
Chestnuts,World,2012,55,59,97,103
Chestnuts,World,2013,62,64,99,107
Chickpeas,World,2010,74,76,152,153
Chickpeas,World,2011,85,89,153,156
Chickpeas,World,2012,79,81,151,156
Chickpeas,World,2013,84,89,153,156
Chicle,World,2010,NA,NA,NA,NA
Chicle,World,2011,NA,NA,NA,NA
Chicle,World,2012,NA,NA,NA,NA
Chicle,World,2013,NA,NA,NA,NA
Chicory,World,2010,95,95,139,141
Chicory,World,2011,97,97,140,140
Chicory,World,2012,100,99,145,145
Chicory,World,2013,99,101,145,147
Chillies and peppers,World,2010,130,135,163,164
Chillies and peppers,World,2011,134,136,166,166
Chillies and peppers,World,2012,136,137,172,172
Chillies and peppers,World,2013,134,135,171,172
Chinotto,World,2010,111,113,138,143
Chinotto,World,2011,110,112,144,144
Chinotto,World,2012,121,122,146,150
Chinotto,World,2013,117,120,145,149
Chontadura,World,2010,100,103,143,147
Chontadura,World,2011,101,103,149,151
Chontadura,World,2012,100,103,148,154
Chontadura,World,2013,106,107,154,162
Chufa,World,2010,80,82,103,115
Chufa,World,2011,84,85,107,117
Chufa,World,2012,89,95,111,120
Chufa,World,2013,87,91,117,125
Cinnamon,World,2010,81,88,144,153
Cinnamon,World,2011,86,94,145,156
Cinnamon,World,2012,87,94,153,159
Cinnamon,World,2013,88,97,157,160
Citron,World,2010,111,113,138,143
Citron,World,2011,110,112,144,144
Citron,World,2012,121,122,146,150
Citron,World,2013,117,120,145,149
Citronella,World,2010,3,3,3,3
Citronella,World,2011,3,3,3,3
Citronella,World,2012,5,5,5,5
Citronella,World,2013,3,3,3,3
Cloves,World,2010,57,70,135,144
Cloves,World,2011,59,73,135,143
Cloves,World,2012,58,76,137,146
Cloves,World,2013,58,79,140,146
Cocoa,World,2011,146,150,196,197
Cocoa,World,2012,149,154,196,198
Cocoa,World,2013,148,151,196,198
Cocoa,World,2010,155,159,197,197
Coconuts,World,2010,121,123,176,178
Coconuts,World,2011,120,122,171,174
Coconuts,World,2012,125,127,176,177
Coconuts,World,2013,129,130,178,179
Coffee,World,2011,152,158,192,196
Coffee,World,2012,154,161,194,198
Coffee,World,2013,156,159,194,198
Coffee,World,2010,158,163,195,197
Common bean,World,2010,131,134,176,178
Common bean,World,2011,135,140,178,178
Common bean,World,2012,135,140,178,178
Common bean,World,2013,135,139,182,182
Coriander,World,2010,94,101,152,162
Coriander,World,2011,99,102,154,161
Coriander,World,2012,101,107,156,163
Coriander,World,2013,101,104,158,165
Cotton,World,2010,132,137,169,174
Cotton,World,2011,138,141,171,175
Cotton,World,2012,127,129,172,176
Cotton,World,2013,133,135,169,178
Cowpeas,World,2010,NA,NA,NA,NA
Cowpeas,World,2011,NA,NA,NA,NA
Cowpeas,World,2012,NA,NA,NA,NA
Cowpeas,World,2013,NA,NA,NA,NA
Cranberries,World,2010,26,27,37,42
Cranberries,World,2011,26,32,37,42
Cranberries,World,2012,27,28,36,41
Cranberries,World,2013,26,30,38,44
Cress,World,2010,147,146,185,186
Cress,World,2011,153,153,186,187
Cress,World,2012,145,146,181,181
Cress,World,2013,149,148,186,189
Cucumbers and gherkins,World,2010,109,108,119,122
Cucumbers and gherkins,World,2011,103,104,121,124
Cucumbers and gherkins,World,2012,106,107,118,121
Cucumbers and gherkins,World,2013,104,107,118,121
Cumin,World,2010,94,101,152,162
Cumin,World,2011,99,102,154,161
Cumin,World,2012,101,107,156,163
Cumin,World,2013,101,104,158,165
Currants,World,2010,23,25,31,34
Currants,World,2011,20,23,28,29
Currants,World,2012,30,32,50,55
Currants,World,2013,33,38,60,64
Cushaw,World,2010,46,47,54,55
Cushaw,World,2011,47,48,53,52
Cushaw,World,2012,86,87,88,89
Cushaw,World,2013,93,95,98,101
Custard apple,World,2010,46,48,72,77
Custard apple,World,2011,40,44,71,76
Custard apple,World,2012,45,48,75,79
Custard apple,World,2013,46,46,78,82
Dates,World,2010,84,87,163,169
Dates,World,2011,88,90,161,166
Dates,World,2012,92,92,163,165
Dates,World,2013,89,92,164,167
Devil's cotton,World,2010,NA,NA,NA,NA
Devil's cotton,World,2011,NA,NA,NA,NA
Devil's cotton,World,2012,NA,NA,NA,NA
Devil's cotton,World,2013,NA,NA,NA,NA
Dill,World,2010,131,145,188,191
Dill,World,2011,134,143,188,189
Dill,World,2012,139,145,190,191
Dill,World,2013,140,144,191,191
Durian,World,2010,46,48,72,77
Durian,World,2011,40,44,71,76
Durian,World,2012,45,48,75,79
Durian,World,2013,46,46,78,82
Eggplant,World,2010,95,94,97,100
Eggplant,World,2011,93,92,93,93
Eggplant,World,2012,91,94,88,88
Eggplant,World,2013,96,100,93,94
Elderberry,World,2010,129,131,170,174
Elderberry,World,2011,135,137,169,171
Elderberry,World,2012,135,136,175,176
Elderberry,World,2013,136,137,174,177
Esparto,World,2010,NA,NA,NA,NA
Esparto,World,2011,NA,NA,NA,NA
Esparto,World,2012,NA,NA,NA,NA
Esparto,World,2013,NA,NA,NA,NA
Ethiopian rape,World,2010,114,115,151,151
Ethiopian rape,World,2011,114,116,154,156
Ethiopian rape,World,2012,111,113,155,153
Ethiopian rape,World,2013,117,117,161,163
Faba beans,World,2010,56,59,102,100
Faba beans,World,2011,56,59,109,111
Faba beans,World,2012,65,66,101,110
Faba beans,World,2013,60,62,112,113
Feijoa,World,2010,46,48,72,77
Feijoa,World,2011,40,44,71,76
Feijoa,World,2012,45,48,75,79
Feijoa,World,2013,46,46,78,82
Fennel,World,2010,94,101,152,162
Fennel,World,2011,99,102,154,161
Fennel,World,2012,101,107,156,163
Fennel,World,2013,101,104,158,165
Fenugreek,World,2010,131,145,188,191
Fenugreek,World,2011,134,143,188,189
Fenugreek,World,2012,139,145,190,191
Fenugreek,World,2013,140,144,191,191
Fig leaf gourd,World,2010,46,47,54,55
Fig leaf gourd,World,2011,47,48,53,52
Fig leaf gourd,World,2012,86,87,88,89
Fig leaf gourd,World,2013,93,95,98,101
Figs,World,2010,80,83,122,132
Figs,World,2011,76,78,123,132
Figs,World,2012,79,81,122,130
Figs,World,2013,80,80,131,136
Finger millet,World,2010,68,71,124,127
Finger millet,World,2011,73,74,128,129
Finger millet,World,2012,67,68,123,126
Finger millet,World,2013,74,73,128,133
Fique,World,2010,NA,NA,NA,NA
Fique,World,2011,NA,NA,NA,NA
Fique,World,2012,NA,NA,NA,NA
Fique,World,2013,NA,NA,NA,NA
Flax,World,2010,91,98,165,171
Flax,World,2011,95,98,163,169
Flax,World,2012,92,98,164,168
Flax,World,2013,93,103,163,165
Fonio,World,2010,NA,NA,NA,NA
Fonio,World,2011,NA,NA,NA,NA
Fonio,World,2012,12,12,12,14
Fonio,World,2013,8,9,14,18
Foxtail millet,World,2010,68,71,124,127
Foxtail millet,World,2011,73,74,128,129
Foxtail millet,World,2012,67,68,123,126
Foxtail millet,World,2013,74,73,128,133
Garlic,World,2010,107,109,170,170
Garlic,World,2011,108,110,173,173
Garlic,World,2012,109,113,174,174
Garlic,World,2013,106,109,174,174
Giant cabuya,World,2010,NA,NA,NA,NA
Giant cabuya,World,2011,NA,NA,NA,NA
Giant cabuya,World,2012,NA,NA,NA,NA
Giant cabuya,World,2013,NA,NA,NA,NA
Ginger,World,2010,86,97,151,155
Ginger,World,2011,96,104,148,154
Ginger,World,2012,97,103,158,160
Ginger,World,2013,99,102,155,159
Gooseberries,World,2010,1,1,1,2
Gooseberries,World,2011,1,1,1,2
Gooseberries,World,2012,3,3,3,4
Gooseberries,World,2013,5,5,5,5
Grapefruits,World,2010,105,107,160,162
Grapefruits,World,2011,106,108,160,161
Grapefruits,World,2012,114,112,163,165
Grapefruits,World,2013,108,109,162,164
Grapes,World,2010,148,149,198,199
Grapes,World,2011,148,148,198,199
Grapes,World,2012,150,148,199,199
Grapes,World,2013,150,152,199,199
Grasspea,World,2010,NA,NA,NA,NA
Grasspea,World,2011,NA,NA,NA,NA
Grasspea,World,2012,NA,NA,NA,NA
Grasspea,World,2013,NA,NA,NA,NA
Groundnuts,World,2010,121,121,178,181
Groundnuts,World,2011,128,129,176,179
Groundnuts,World,2012,124,127,180,181
Groundnuts,World,2013,126,131,177,179
Guavas,World,2010,94,97,109,108
Guavas,World,2011,94,95,109,109
Guavas,World,2012,93,93,112,110
Guavas,World,2013,98,98,112,116
Guayule,World,2010,NA,NA,NA,NA
Guayule,World,2011,NA,NA,NA,NA
Guayule,World,2012,NA,NA,NA,NA
Guayule,World,2013,NA,NA,NA,NA
Gutta-percha,World,2010,NA,NA,NA,NA
Gutta-percha,World,2011,NA,NA,NA,NA
Gutta-percha,World,2012,NA,NA,NA,NA
Gutta-percha,World,2013,NA,NA,NA,NA
Hazelnuts,World,2010,57,60,108,118
Hazelnuts,World,2011,50,58,106,121
Hazelnuts,World,2012,57,64,109,128
Hazelnuts,World,2013,59,63,113,128
Hemp,World,2010,NA,NA,NA,NA
Hemp,World,2011,NA,NA,NA,NA
Hemp,World,2012,NA,NA,NA,NA
Hemp,World,2013,NA,NA,NA,NA
Hops,World,2010,46,52,142,148
Hops,World,2011,46,51,138,145
Hops,World,2012,48,47,138,145
Hops,World,2013,45,51,140,149
Horseradish,World,2010,147,146,185,186
Horseradish,World,2011,153,153,186,187
Horseradish,World,2012,145,146,181,181
Horseradish,World,2013,149,148,186,189
Huckleberry,World,2010,NA,NA,NA,NA
Huckleberry,World,2011,NA,NA,NA,NA
Huckleberry,World,2012,NA,NA,NA,NA
Huckleberry,World,2013,NA,NA,NA,NA
Jack bean,World,2010,NA,NA,NA,NA
Jack bean,World,2011,NA,NA,NA,NA
Jack bean,World,2012,NA,NA,NA,NA
Jack bean,World,2013,NA,NA,NA,NA
Jackfruit,World,2010,46,48,72,77
Jackfruit,World,2011,40,44,71,76
Jackfruit,World,2012,45,48,75,79
Jackfruit,World,2013,46,46,78,82
Japanese millet,World,2010,68,71,124,127
Japanese millet,World,2011,73,74,128,129
Japanese millet,World,2012,67,68,123,126
Japanese millet,World,2013,74,73,128,133
Jelutong,World,2010,NA,NA,NA,NA
Jelutong,World,2011,NA,NA,NA,NA
Jelutong,World,2012,NA,NA,NA,NA
Jelutong,World,2013,NA,NA,NA,NA
Jerusalem artichoke,World,2010,80,82,103,115
Jerusalem artichoke,World,2011,84,85,107,117
Jerusalem artichoke,World,2012,89,95,111,120
Jerusalem artichoke,World,2013,87,91,117,125
Jicama,World,2010,NA,NA,NA,NA
Jicama,World,2011,NA,NA,NA,NA
Jicama,World,2012,NA,NA,NA,NA
Jicama,World,2013,NA,NA,NA,NA
Jojoba,World,2010,NA,NA,NA,NA
Jojoba,World,2011,NA,NA,NA,NA
Jojoba,World,2012,NA,NA,NA,NA
Jojoba,World,2013,NA,NA,NA,NA
Jujube,World,2010,129,131,170,174
Jujube,World,2011,135,137,169,171
Jujube,World,2012,135,136,175,176
Jujube,World,2013,136,137,174,177
Jute,World,2010,58,65,114,124
Jute,World,2011,57,67,115,122
Jute,World,2012,55,62,108,120
Jute,World,2013,52,63,105,116
Kaniwa,World,2010,NA,NA,NA,NA
Kaniwa,World,2011,NA,NA,NA,NA
Kaniwa,World,2012,NA,NA,NA,NA
Kaniwa,World,2013,NA,NA,NA,NA
Kapok,World,2010,NA,NA,NA,NA
Kapok,World,2011,NA,NA,NA,NA
Kapok,World,2012,NA,NA,NA,NA
Kapok,World,2013,NA,NA,NA,NA
Karite nuts,World,2010,NA,NA,NA,NA
Karite nuts,World,2011,NA,NA,NA,NA
Karite nuts,World,2012,NA,NA,NA,NA
Karite nuts,World,2013,NA,NA,NA,NA
Kenaf,World,2010,NA,NA,NA,NA
Kenaf,World,2011,NA,NA,NA,NA
Kenaf,World,2012,NA,NA,NA,NA
Kenaf,World,2013,NA,NA,NA,NA
Kiwi fruit,World,2010,74,75,140,139
Kiwi fruit,World,2011,73,76,141,142
Kiwi fruit,World,2012,71,75,144,144
Kiwi fruit,World,2013,75,76,146,147
Kiwicha,World,2010,NA,NA,NA,NA
Kiwicha,World,2011,NA,NA,NA,NA
Kiwicha,World,2012,NA,NA,NA,NA
Kiwicha,World,2013,NA,NA,NA,NA
Kodo millet,World,2010,68,71,124,127
Kodo millet,World,2011,73,74,128,129
Kodo millet,World,2012,67,68,123,126
Kodo millet,World,2013,74,73,128,133
Kola nuts,World,2010,3,2,4,4
Kola nuts,World,2011,2,2,5,5
Kola nuts,World,2012,11,11,17,19
Kola nuts,World,2013,17,22,23,27
Kumquat,World,2010,111,113,138,143
Kumquat,World,2011,110,112,144,144
Kumquat,World,2012,121,122,146,150
Kumquat,World,2013,117,120,145,149
Lablab,World,2010,NA,NA,NA,NA
Lablab,World,2011,NA,NA,NA,NA
Lablab,World,2012,NA,NA,NA,NA
Lablab,World,2013,NA,NA,NA,NA
Leeks and other alliaceous vegetables,World,2010,83,85,119,121
Leeks and other alliaceous vegetables,World,2011,83,84,119,118
Leeks and other alliaceous vegetables,World,2012,88,93,126,127
Leeks and other alliaceous vegetables,World,2013,80,85,126,131
Lemons and limes,World,2010,105,109,150,153
Lemons and limes,World,2011,112,113,150,151
Lemons and limes,World,2012,116,118,154,157
Lemons and limes,World,2013,110,114,158,160
Lentils,World,2010,77,80,161,161
Lentils,World,2011,85,87,162,162
Lentils,World,2012,85,87,168,167
Lentils,World,2013,87,89,170,170
Lettuce,World,2010,95,95,139,141
Lettuce,World,2011,97,97,140,140
Lettuce,World,2012,100,99,145,145
Lettuce,World,2013,99,101,145,147
Lima bean,World,2010,131,134,176,178
Lima bean,World,2011,135,140,178,178
Lima bean,World,2012,135,140,178,178
Lima bean,World,2013,135,139,182,182
Litchi,World,2010,129,131,170,174
Litchi,World,2011,135,137,169,171
Litchi,World,2012,135,136,175,176
Litchi,World,2013,136,137,174,177
Little millet,World,2010,68,71,124,127
Little millet,World,2011,73,74,128,129
Little millet,World,2012,67,68,123,126
Little millet,World,2013,74,73,128,133
Longan,World,2010,46,48,72,77
Longan,World,2011,40,44,71,76
Longan,World,2012,45,48,75,79
Longan,World,2013,46,46,78,82
Loquat,World,2010,129,131,170,174
Loquat,World,2011,135,137,169,171
Loquat,World,2012,135,136,175,176
Loquat,World,2013,136,137,174,177
Lupins,World,2010,NA,NA,NA,NA
Lupins,World,2011,NA,NA,NA,NA
Lupins,World,2012,NA,NA,NA,NA
Lupins,World,2013,NA,NA,NA,NA
Maca,World,2010,80,82,103,115
Maca,World,2011,84,85,107,117
Maca,World,2012,89,95,111,120
Maca,World,2013,87,91,117,125
Macadamia nut,World,2010,114,118,159,171
Macadamia nut,World,2011,108,116,165,174
Macadamia nut,World,2012,112,112,164,174
Macadamia nut,World,2013,111,114,168,176
Mahuwa,World,2010,100,103,143,147
Mahuwa,World,2011,101,103,149,151
Mahuwa,World,2012,100,103,148,154
Mahuwa,World,2013,106,107,154,162
Maize,World,2010,142,140,194,194
Maize,World,2011,141,140,195,195
Maize,World,2012,141,142,195,195
Maize,World,2013,143,144,196,196
Mamey sapote,World,2010,46,48,72,77
Mamey sapote,World,2011,40,44,71,76
Mamey sapote,World,2012,45,48,75,79
Mamey sapote,World,2013,46,46,78,82
Mammee,World,2010,46,48,72,77
Mammee,World,2011,40,44,71,76
Mammee,World,2012,45,48,75,79
Mammee,World,2013,46,46,78,82
Mandarines,World,2010,141,142,190,190
Mandarines,World,2011,143,145,189,189
Mandarines,World,2012,143,144,189,189
Mandarines,World,2013,144,145,189,189
Mango,World,2010,94,97,109,108
Mango,World,2011,94,95,109,109
Mango,World,2012,93,93,112,110
Mango,World,2013,98,98,112,116
Mangosteen,World,2010,94,97,109,108
Mangosteen,World,2011,94,95,109,109
Mangosteen,World,2012,93,93,112,110
Mangosteen,World,2013,98,98,112,116
Maple sugar,World,2010,NA,NA,NA,NA
Maple sugar,World,2011,NA,NA,NA,NA
Maple sugar,World,2012,6,7,5,5
Maple sugar,World,2013,4,4,4,4
Marjoram,World,2010,147,146,185,186
Marjoram,World,2011,153,153,186,187
Marjoram,World,2012,145,146,181,181
Marjoram,World,2013,149,148,186,189
Mashua,World,2010,80,82,103,115
Mashua,World,2011,84,85,107,117
Mashua,World,2012,89,95,111,120
Mashua,World,2013,87,91,117,125
Mat bean,World,2010,131,134,176,178
Mat bean,World,2011,135,140,178,178
Mat bean,World,2012,135,140,178,178
Mat bean,World,2013,135,139,182,182
Mate,World,2010,86,95,154,161
Mate,World,2011,89,100,157,163
Mate,World,2012,87,94,156,162
Mate,World,2013,89,98,161,165
Mauka,World,2010,80,82,103,115
Mauka,World,2011,84,85,107,117
Mauka,World,2012,89,95,111,120
Mauka,World,2013,87,91,117,125
Medlar,World,2010,129,131,170,174
Medlar,World,2011,135,137,169,171
Medlar,World,2012,135,136,175,176
Medlar,World,2013,136,137,174,177
Melons,World,2010,102,104,133,133
Melons,World,2011,105,106,131,130
Melons,World,2012,110,111,130,130
Melons,World,2013,109,110,132,129
Mombin,World,2010,46,48,72,77
Mombin,World,2011,40,44,71,76
Mombin,World,2012,45,48,75,79
Mombin,World,2013,46,46,78,82
Mulberry,World,2010,NA,NA,NA,NA
Mulberry,World,2011,NA,NA,NA,NA
Mulberry,World,2012,NA,NA,NA,NA
Mulberry,World,2013,NA,NA,NA,NA
Mung bean,World,2010,131,134,176,178
Mung bean,World,2011,135,140,178,178
Mung bean,World,2012,135,140,178,178
Mung bean,World,2013,135,139,182,182
Myrtle,World,2010,NA,NA,NA,NA
Myrtle,World,2011,NA,NA,NA,NA
Myrtle,World,2012,NA,NA,NA,NA
Myrtle,World,2013,NA,NA,NA,NA
Naranjilla,World,2010,46,48,72,77
Naranjilla,World,2011,40,44,71,76
Naranjilla,World,2012,45,48,75,79
Naranjilla,World,2013,46,46,78,82
New Zealand flax,World,2010,NA,NA,NA,NA
New Zealand flax,World,2011,NA,NA,NA,NA
New Zealand flax,World,2012,NA,NA,NA,NA
New Zealand flax,World,2013,NA,NA,NA,NA
New Zealand Spinach,World,2010,57,60,82,88
New Zealand Spinach,World,2011,52,62,86,91
New Zealand Spinach,World,2012,63,66,100,103
New Zealand Spinach,World,2013,65,71,102,105
Noog,World,2010,100,103,143,147
Noog,World,2011,101,103,149,151
Noog,World,2012,100,103,148,154
Noog,World,2013,106,107,154,162
Nutmeg,World,2010,81,92,138,148
Nutmeg,World,2011,79,89,137,150
Nutmeg,World,2012,83,93,144,151
Nutmeg,World,2013,78,90,143,155
Oats,World,2010,79,78,167,168
Oats,World,2011,86,88,167,168
Oats,World,2012,82,82,170,171
Oats,World,2013,83,86,170,171
Oca,World,2010,80,82,103,115
Oca,World,2011,84,85,107,117
Oca,World,2012,89,95,111,120
Oca,World,2013,87,91,117,125
Oil palm,World,2010,118,119,183,185
Oil palm,World,2011,122,125,179,183
Oil palm,World,2012,116,119,182,184
Oil palm,World,2013,125,127,182,185
Oiticica,World,2010,100,103,143,147
Oiticica,World,2011,101,103,149,151
Oiticica,World,2012,100,103,148,154
Oiticica,World,2013,106,107,154,162
Okra,World,2010,NA,NA,NA,NA
Okra,World,2011,NA,NA,NA,NA
Okra,World,2012,NA,NA,NA,NA
Okra,World,2013,NA,NA,NA,NA
Olives,World,2010,107,111,189,188
Olives,World,2011,110,116,188,188
Olives,World,2012,113,114,189,190
Olives,World,2013,120,123,189,189
Onions,World,2010,127,129,185,185
Onions,World,2011,126,126,185,185
Onions,World,2012,129,127,184,183
Onions,World,2013,132,129,186,187
Orache,World,2010,57,60,82,88
Orache,World,2011,52,62,86,91
Orache,World,2012,63,66,100,103
Orache,World,2013,65,71,102,105
Oranges,World,2010,141,142,190,190
Oranges,World,2011,143,145,189,189
Oranges,World,2012,143,144,189,189
Oranges,World,2013,144,145,189,189
Papayas,World,2010,68,69,101,102
Papayas,World,2011,69,72,95,98
Papayas,World,2012,68,76,97,102
Papayas,World,2013,71,80,104,106
Parsley,World,2010,147,146,185,186
Parsley,World,2011,153,153,186,187
Parsley,World,2012,145,146,181,181
Parsley,World,2013,149,148,186,189
Parsnip,World,2010,147,146,185,186
Parsnip,World,2011,153,153,186,187
Parsnip,World,2012,145,146,181,181
Parsnip,World,2013,149,148,186,189
Passionfruit,World,2010,46,48,72,77
Passionfruit,World,2011,40,44,71,76
Passionfruit,World,2012,45,48,75,79
Passionfruit,World,2013,46,46,78,82
Pawpaw,World,2010,129,131,170,174
Pawpaw,World,2011,135,137,169,171
Pawpaw,World,2012,135,136,175,176
Pawpaw,World,2013,136,137,174,177
Peaches and nectarines,World,2010,84,84,134,139
Peaches and nectarines,World,2011,84,85,139,142
Peaches and nectarines,World,2012,86,87,144,146
Peaches and nectarines,World,2013,88,90,144,146
Pearl millet,World,2010,68,71,124,127
Pearl millet,World,2011,73,74,128,129
Pearl millet,World,2012,67,68,123,126
Pearl millet,World,2013,74,73,128,133
Pears,World,2010,91,92,167,167
Pears,World,2011,93,93,169,170
Pears,World,2012,91,94,170,171
Pears,World,2013,90,93,169,170
Peas,World,2010,101,100,173,172
Peas,World,2011,105,103,172,172
Peas,World,2012,110,109,174,176
Peas,World,2013,107,106,175,176
Pecan,World,2010,114,118,159,171
Pecan,World,2011,108,116,165,174
Pecan,World,2012,112,112,164,174
Pecan,World,2013,111,114,168,176
Pepper,World,2010,107,113,173,176
Pepper,World,2011,112,119,174,177
Pepper,World,2012,117,125,175,177
Pepper,World,2013,119,127,178,179
Peppermint,World,2010,NA,NA,1,1
Peppermint,World,2011,NA,NA,NA,NA
Peppermint,World,2012,NA,NA,NA,NA
Peppermint,World,2013,NA,NA,NA,NA
Perilla,World,2010,100,103,143,147
Perilla,World,2011,101,103,149,151
Perilla,World,2012,100,103,148,154
Perilla,World,2013,106,107,154,162
Persimmons,World,2010,2,2,1,1
Persimmons,World,2011,2,2,1,1
Persimmons,World,2012,46,45,63,64
Persimmons,World,2013,54,54,75,77
Physic nut,World,2010,100,103,143,147
Physic nut,World,2011,101,103,149,151
Physic nut,World,2012,100,103,148,154
Physic nut,World,2013,106,107,154,162
Pigeonpeas,World,2010,NA,NA,NA,NA
Pigeonpeas,World,2011,NA,NA,NA,NA
Pigeonpeas,World,2012,NA,NA,NA,NA
Pigeonpeas,World,2013,NA,NA,NA,NA
Pili nut,World,2010,114,118,159,171
Pili nut,World,2011,108,116,165,174
Pili nut,World,2012,112,112,164,174
Pili nut,World,2013,111,114,168,176
Pine nut,World,2010,114,118,159,171
Pine nut,World,2011,108,116,165,174
Pine nut,World,2012,112,112,164,174
Pine nut,World,2013,111,114,168,176
Pineapples,World,2010,125,128,177,179
Pineapples,World,2011,127,130,175,177
Pineapples,World,2012,132,131,178,180
Pineapples,World,2013,133,131,180,180
Pistachios,World,2010,71,75,127,141
Pistachios,World,2011,70,72,133,141
Pistachios,World,2012,69,78,129,141
Pistachios,World,2013,72,82,135,144
Plantains,World,2012,34,35,44,45
Plantains,World,2013,36,36,42,43
Plantains,World,2011,65,68,78,78
Plantains,World,2010,66,68,91,93
Plums,World,2010,99,102,152,155
Plums,World,2011,97,100,153,155
Plums,World,2012,97,102,154,155
Plums,World,2013,99,103,155,157
Pomegranate,World,2010,129,131,170,174
Pomegranate,World,2011,135,137,169,171
Pomegranate,World,2012,135,136,175,176
Pomegranate,World,2013,136,137,174,177
Pongamia oil,World,2010,100,103,143,147
Pongamia oil,World,2011,101,103,149,151
Pongamia oil,World,2012,100,103,148,154
Pongamia oil,World,2013,106,107,154,162
Poppies,World,2010,42,42,76,86
Poppies,World,2011,41,44,73,86
Poppies,World,2012,46,48,77,93
Poppies,World,2013,46,48,78,92
Potatoes,World,2010,134,136,198,198
Potatoes,World,2011,136,135,198,198
Potatoes,World,2012,137,137,199,199
Potatoes,World,2013,141,144,198,198
Prickly pear,World,2010,129,131,170,174
Prickly pear,World,2011,135,137,169,171
Prickly pear,World,2012,135,136,175,176
Prickly pear,World,2013,136,137,174,177
Proso millet,World,2010,68,71,124,127
Proso millet,World,2011,73,74,128,129
Proso millet,World,2012,67,68,123,126
Proso millet,World,2013,74,73,128,133
Pumpkin,World,2010,46,47,54,55
Pumpkin,World,2011,47,48,53,52
Pumpkin,World,2012,86,87,88,89
Pumpkin,World,2013,93,95,98,101
Purging croton,World,2010,100,103,143,147
Purging croton,World,2011,101,103,149,151
Purging croton,World,2012,100,103,148,154
Purging croton,World,2013,106,107,154,162
Pyrethrum,World,2012,9,10,9,10
Pyrethrum,World,2013,8,9,8,8
Pyrethrum,World,2010,11,12,13,14
Pyrethrum,World,2011,8,10,10,14
Quinces,World,2010,25,26,37,38
Quinces,World,2011,26,26,40,40
Quinces,World,2012,40,39,57,60
Quinces,World,2013,41,44,62,62
Quinoa,World,2010,NA,NA,NA,NA
Quinoa,World,2011,NA,NA,NA,NA
Quinoa,World,2012,NA,NA,NA,NA
Quinoa,World,2013,NA,NA,NA,NA
Radish,World,2010,147,146,185,186
Radish,World,2011,153,153,186,187
Radish,World,2012,145,146,181,181
Radish,World,2013,149,148,186,189
Rambutan,World,2010,46,48,72,77
Rambutan,World,2011,40,44,71,76
Rambutan,World,2012,45,48,75,79
Rambutan,World,2013,46,46,78,82
Ramie,World,2010,NA,NA,NA,NA
Ramie,World,2011,NA,NA,NA,NA
Ramie,World,2012,NA,NA,NA,NA
Ramie,World,2013,NA,NA,NA,NA
Rapeseed and Mustards,World,2010,110,114,177,179
Rapeseed and Mustards,World,2011,106,110,181,182
Rapeseed and Mustards,World,2012,106,111,178,180
Rapeseed and Mustards,World,2013,110,115,181,182
Raspberries,World,2010,NA,NA,NA,NA
Raspberries,World,2011,NA,NA,NA,NA
Raspberries,World,2012,NA,NA,NA,NA
Raspberries,World,2013,NA,NA,NA,NA
Rhubarb,World,2010,147,146,185,186
Rhubarb,World,2011,153,153,186,187
Rhubarb,World,2012,145,146,181,181
Rhubarb,World,2013,149,148,186,189
Rice (African),World,2010,138,138,201,201
Rice (African),World,2011,139,138,199,199
Rice (African),World,2012,141,141,198,198
Rice (African),World,2013,142,145,199,199
Rice (Asian),World,2010,138,138,201,201
Rice (Asian),World,2011,139,138,199,199
Rice (Asian),World,2012,141,141,198,198
Rice (Asian),World,2013,142,145,199,199
Rice bean,World,2010,131,134,176,178
Rice bean,World,2011,135,140,178,178
Rice bean,World,2012,135,140,178,178
Rice bean,World,2013,135,139,182,182
Roselle,World,2010,NA,NA,NA,NA
Roselle,World,2011,NA,NA,NA,NA
Roselle,World,2012,NA,NA,NA,NA
Roselle,World,2013,NA,NA,NA,NA
"Rubber, natural",World,2010,99,102,141,158
"Rubber, natural",World,2011,98,104,149,157
"Rubber, natural",World,2012,98,108,153,161
"Rubber, natural",World,2013,94,97,152,161
Runner bean,World,2010,131,134,176,178
Runner bean,World,2011,135,140,178,178
Runner bean,World,2012,135,140,178,178
Runner bean,World,2013,135,139,182,182
Rye,World,2010,37,37,65,68
Rye,World,2011,41,41,65,65
Rye,World,2012,41,42,70,68
Rye,World,2013,44,43,67,69
Safflower,World,2010,14,15,24,27
Safflower,World,2011,17,17,29,32
Safflower,World,2012,17,18,25,26
Safflower,World,2013,16,17,29,30
Saffron,World,2010,131,145,188,191
Saffron,World,2011,134,143,188,189
Saffron,World,2012,139,145,190,191
Saffron,World,2013,140,144,191,191
Sago palm,World,2010,80,82,103,115
Sago palm,World,2011,84,85,107,117
Sago palm,World,2012,89,95,111,120
Sago palm,World,2013,87,91,117,125
Salsify,World,2010,147,146,185,186
Salsify,World,2011,153,153,186,187
Salsify,World,2012,145,146,181,181
Salsify,World,2013,149,148,186,189
Sapodilla,World,2010,46,48,72,77
Sapodilla,World,2011,40,44,71,76
Sapodilla,World,2012,45,48,75,79
Sapodilla,World,2013,46,46,78,82
Savory,World,2010,147,146,185,186
Savory,World,2011,153,153,186,187
Savory,World,2012,145,146,181,181
Savory,World,2013,149,148,186,189
Service tree,World,2010,129,131,170,174
Service tree,World,2011,135,137,169,171
Service tree,World,2012,135,136,175,176
Service tree,World,2013,136,137,174,177
Sesame,World,2010,109,111,151,156
Sesame,World,2011,112,116,155,157
Sesame,World,2012,111,115,159,162
Sesame,World,2013,117,119,162,164
Shala tree,World,2010,100,103,143,147
Shala tree,World,2011,101,103,149,151
Shala tree,World,2012,100,103,148,154
Shala tree,World,2013,106,107,154,162
Sisal,World,2010,NA,NA,NA,NA
Sisal,World,2011,NA,NA,NA,NA
Sisal,World,2012,NA,NA,NA,NA
Sisal,World,2013,NA,NA,NA,NA
Snake plant,World,2010,NA,NA,NA,NA
Snake plant,World,2011,NA,NA,NA,NA
Snake plant,World,2012,NA,NA,NA,NA
Snake plant,World,2013,NA,NA,NA,NA
Sorghum,World,2010,63,62,112,109
Sorghum,World,2011,62,63,109,108
Sorghum,World,2012,62,65,122,121
Sorghum,World,2013,64,65,121,124
Sorrel,World,2010,147,146,185,186
Sorrel,World,2011,153,153,186,187
Sorrel,World,2012,145,146,181,181
Sorrel,World,2013,149,148,186,189
Soursop,World,2010,46,48,72,77
Soursop,World,2011,40,44,71,76
Soursop,World,2012,45,48,75,79
Soursop,World,2013,46,46,78,82
Soybeans,World,2010,120,122,190,190
Soybeans,World,2011,126,126,190,190
Soybeans,World,2012,128,129,190,190
Soybeans,World,2013,126,129,192,192
Spinach,World,2010,57,60,82,88
Spinach,World,2011,52,62,86,91
Spinach,World,2012,63,66,100,103
Spinach,World,2013,65,71,102,105
Strawberries,World,2010,77,81,118,123
Strawberries,World,2011,78,83,125,130
Strawberries,World,2012,81,82,129,132
Strawberries,World,2013,81,84,126,132
Strawberry tree,World,2010,129,131,170,174
Strawberry tree,World,2011,135,137,169,171
Strawberry tree,World,2012,135,136,175,176
Strawberry tree,World,2013,136,137,174,177
Sugar apple,World,2010,46,48,72,77
Sugar apple,World,2011,40,44,71,76
Sugar apple,World,2012,45,48,75,79
Sugar apple,World,2013,46,46,78,82
Sugar beets,World,2010,38,39,47,48
Sugar beets,World,2011,35,34,50,51
Sugar beets,World,2012,44,45,53,56
Sugar beets,World,2013,35,35,60,55
Sugarcane,World,2010,NA,NA,NA,NA
Sugarcane,World,2011,NA,NA,NA,NA
Sugarcane,World,2012,NA,NA,NA,NA
Sugarcane,World,2013,NA,NA,NA,NA
Sunflowers,World,2010,110,112,177,179
Sunflowers,World,2011,115,117,177,179
Sunflowers,World,2012,112,111,178,180
Sunflowers,World,2013,115,116,183,185
Sunn hemp,World,2010,NA,NA,NA,NA
Sunn hemp,World,2011,NA,NA,NA,NA
Sunn hemp,World,2012,NA,NA,NA,NA
Sunn hemp,World,2013,NA,NA,NA,NA
Sweetpotatoes,World,2010,83,84,106,111
Sweetpotatoes,World,2011,84,84,111,111
Sweetpotatoes,World,2012,83,83,114,119
Sweetpotatoes,World,2013,88,89,117,122
Sword bean,World,2010,NA,NA,NA,NA
Sword bean,World,2011,NA,NA,NA,NA
Sword bean,World,2012,NA,NA,NA,NA
Sword bean,World,2013,NA,NA,NA,NA
Tallowtree,World,2010,65,66,115,117
Tallowtree,World,2011,63,64,104,105
Tallowtree,World,2012,67,69,110,111
Tallowtree,World,2013,57,59,112,115
Tamarind,World,2010,129,131,170,174
Tamarind,World,2011,135,137,169,171
Tamarind,World,2012,135,136,175,176
Tamarind,World,2013,136,137,174,177
Taro,World,2010,NA,NA,NA,NA
Taro,World,2011,NA,NA,NA,NA
Taro,World,2012,NA,NA,NA,NA
Taro,World,2013,NA,NA,NA,NA
Tarragon,World,2010,147,146,185,186
Tarragon,World,2011,153,153,186,187
Tarragon,World,2012,145,146,181,181
Tarragon,World,2013,149,148,186,189
Tea,World,2010,135,144,194,197
Tea,World,2011,132,140,192,195
Tea,World,2012,134,143,194,197
Tea,World,2013,139,144,197,199
Teff,World,2010,68,71,124,127
Teff,World,2011,73,74,128,129
Teff,World,2012,67,68,123,126
Teff,World,2013,74,73,128,133
Tepary bean,World,2010,131,134,176,178
Tepary bean,World,2011,135,140,178,178
Tepary bean,World,2012,135,140,178,178
Tepary bean,World,2013,135,139,182,182
Thyme,World,2010,131,145,188,191
Thyme,World,2011,134,143,188,189
Thyme,World,2012,139,145,190,191
Thyme,World,2013,140,144,191,191
Tobacco,World,2010,159,162,194,196
Tobacco,World,2011,157,161,194,196
Tobacco,World,2012,154,158,195,197
Tobacco,World,2013,163,164,194,196
Tomatoes,World,2011,140,139,186,186
Tomatoes,World,2010,139,137,187,187
Tomatoes,World,2012,139,139,188,188
Tomatoes,World,2013,141,142,189,189
Triticale,World,2010,27,27,36,37
Triticale,World,2011,29,29,36,37
Triticale,World,2012,33,33,44,44
Triticale,World,2013,35,34,42,42
Tung nuts,World,2010,NA,NA,NA,NA
Tung nuts,World,2011,NA,NA,NA,NA
Tung nuts,World,2012,NA,NA,NA,NA
Tung nuts,World,2013,NA,NA,NA,NA
Turmeric,World,2010,131,145,188,191
Turmeric,World,2011,134,143,188,189
Turmeric,World,2012,139,145,190,191
Turmeric,World,2013,140,144,191,191
Turnips,World,2010,NA,NA,NA,NA
Turnips,World,2011,NA,NA,NA,NA
Turnips,World,2012,NA,NA,NA,NA
Turnips,World,2013,NA,NA,NA,NA
Ulluco,World,2010,80,82,103,115
Ulluco,World,2011,84,85,107,117
Ulluco,World,2012,89,95,111,120
Ulluco,World,2013,87,91,117,125
Vanilla,World,2010,56,69,99,135
Vanilla,World,2011,57,73,111,138
Vanilla,World,2012,55,68,117,139
Vanilla,World,2013,54,76,110,141
Velvet bean,World,2010,NA,NA,NA,NA
Velvet bean,World,2011,NA,NA,NA,NA
Velvet bean,World,2012,NA,NA,NA,NA
Velvet bean,World,2013,NA,NA,NA,NA
Velvet leaf,World,2010,NA,NA,NA,NA
Velvet leaf,World,2011,NA,NA,NA,NA
Velvet leaf,World,2012,NA,NA,NA,NA
Velvet leaf,World,2013,NA,NA,NA,NA
Vetch,World,2010,NA,NA,NA,NA
Vetch,World,2011,NA,NA,NA,NA
Vetch,World,2012,NA,NA,NA,NA
Vetch,World,2013,NA,NA,NA,NA
Walnuts,World,2010,68,74,127,136
Walnuts,World,2011,72,80,132,137
Walnuts,World,2012,71,76,144,147
Walnuts,World,2013,77,83,143,147
Watercress,World,2010,147,146,185,186
Watercress,World,2011,153,153,186,187
Watercress,World,2012,145,146,181,181
Watercress,World,2013,149,148,186,189
Watermelons,World,2010,113,110,121,119
Watermelons,World,2011,109,108,121,120
Watermelons,World,2012,115,115,124,131
Watermelons,World,2013,115,114,128,132
Wheat,World,2010,160,160,201,201
Wheat,World,2011,158,159,201,201
Wheat,World,2012,158,162,201,201
Wheat,World,2013,166,168,201,201
Wildrice,World,2010,NA,NA,NA,NA
Wildrice,World,2011,NA,NA,NA,NA
Wildrice,World,2012,NA,NA,NA,NA
Wildrice,World,2013,NA,NA,NA,NA
Winged bean,World,2010,NA,NA,NA,NA
Winged bean,World,2011,NA,NA,NA,NA
Winged bean,World,2012,NA,NA,NA,NA
Winged bean,World,2013,NA,NA,NA,NA
Yams,World,2010,NA,NA,NA,NA
Yams,World,2011,NA,NA,NA,NA
Yams,World,2012,NA,NA,NA,NA
Yams,World,2013,NA,NA,NA,NA
"Yautia, cocoyam",World,2010,NA,NA,NA,NA
"Yautia, cocoyam",World,2011,NA,NA,NA,NA
"Yautia, cocoyam",World,2012,NA,NA,NA,NA
"Yautia, cocoyam",World,2013,NA,NA,NA,NA
Year bean,World,2010,131,134,176,178
Year bean,World,2011,135,140,178,178
Year bean,World,2012,135,140,178,178
Year bean,World,2013,135,139,182,182
Zucchini,World,2010,46,47,54,55
Zucchini,World,2011,47,48,53,52
Zucchini,World,2012,86,87,88,89
Zucchini,World,2013,93,95,98,101
