crop,country,year,gross_production_value_global
Abaca,World,2010,0.568685179
Abaca,World,2011,0.576673404
Abaca,World,2012,0.603683946
Abaca,World,2013,0.624365508
Adlay,World,2010,0.984376009
Adlay,World,2011,0.980701551
Adlay,World,2012,0.984349626
Adlay,World,2013,0.988974786
Adzuki bean,World,2010,0.404099829
Adzuki bean,World,2011,0.311748295
Adzuki bean,World,2012,0.372618072
Adzuki bean,World,2013,0.34528691
Agave,World,2010,0.851555517
Agave,World,2011,0.850574845
Agave,World,2012,0.852976064
Agave,World,2013,0.903373526
Albardine,World,2010,1
Albardine,World,2011,1
Albardine,World,2012,1
Albardine,World,2013,1
Allspice,World,2010,0.981635764
Allspice,World,2011,0.972870078
Allspice,World,2012,0.971019304
Allspice,World,2013,0.971038119
Almonds,World,2010,0.922149533
Almonds,World,2011,0.917832146
Almonds,World,2012,0.921523396
Almonds,World,2013,0.923680658
Amaranth,World,2010,0.994356215
Amaranth,World,2011,0.991692148
Amaranth,World,2012,0.993948022
Amaranth,World,2013,0.991395927
Anise,World,2010,0.507035567
Anise,World,2011,0.548499661
Anise,World,2012,0.564838301
Anise,World,2013,0.550807806
Apple,World,2010,0.132721644
Apple,World,2011,0.246145267
Apple,World,2012,0.167429322
Apple,World,2013,0.21230648
Apricot,World,2010,0.870301394
Apricot,World,2011,0.838273257
Apricot,World,2012,0.798228871
Apricot,World,2013,0.826324243
Areca nuts,World,2010,0.000151103
Areca nuts,World,2011,0.000135879
Areca nuts,World,2012,0.00011821
Areca nuts,World,2013,0.000157405
Arracacha,World,2010,0.95482776
Arracacha,World,2011,0.946567059
Arracacha,World,2012,0.943460334
Arracacha,World,2013,0.951231381
Arrowroot,World,2010,0.854930127
Arrowroot,World,2011,0.875986277
Arrowroot,World,2012,0.886895884
Arrowroot,World,2013,0.895031704
Artichokes,World,2010,0.329969019
Artichokes,World,2011,0.375653565
Artichokes,World,2012,0.406047621
Artichokes,World,2013,0.376596092
Asparagus,World,2010,0.916721686
Asparagus,World,2011,0.924504907
Asparagus,World,2012,0.926631883
Asparagus,World,2013,0.928830435
Atemoya,World,2010,0.944447658
Atemoya,World,2011,0.949544216
Atemoya,World,2012,0.960301263
Atemoya,World,2013,0.961827181
Avocado,World,2010,0.759254889
Avocado,World,2011,0.727423305
Avocado,World,2012,0.769242468
Avocado,World,2013,0.759639282
Azarole,World,2010,0.956124439
Azarole,World,2011,0.959687161
Azarole,World,2012,0.959292233
Azarole,World,2013,0.959035099
Babaco,World,2010,0.96610559
Babaco,World,2011,0.968909676
Babaco,World,2012,0.977731986
Babaco,World,2013,0.975700492
Badian,World,2010,0.938557869
Badian,World,2011,0.931698791
Badian,World,2012,0.915273105
Badian,World,2013,0.908115011
Bambara bean,World,2010,1
Bambara bean,World,2011,1
Bambara bean,World,2012,1
Bambara bean,World,2013,1
Bamboo shoot,World,2010,0.30299586
Bamboo shoot,World,2011,0.266323816
Bamboo shoot,World,2012,0.256232672
Bamboo shoot,World,2013,0.248562043
Bananas,World,2010,0.861992267
Bananas,World,2011,0.874199434
Bananas,World,2012,0.885890331
Bananas,World,2013,0.865292167
Barley,World,2010,0.740984981
Barley,World,2011,0.750183373
Barley,World,2012,0.767797339
Barley,World,2013,0.748269905
Bay leaf,World,2010,0.684942402
Bay leaf,World,2011,0.712658989
Bay leaf,World,2012,0.678527638
Bay leaf,World,2013,0.659811863
Beech nut,World,2010,0.87286003
Beech nut,World,2011,0.915184356
Beech nut,World,2012,0.94116474
Beech nut,World,2013,0.945341301
Beets,World,2010,0.931198917
Beets,World,2011,0.938910476
Beets,World,2012,0.943789314
Beets,World,2013,0.940260358
Black gram,World,2010,0.932954379
Black gram,World,2011,0.950953643
Black gram,World,2012,0.953583397
Black gram,World,2013,0.96346539
Black salsify,World,2010,0.965845815
Black salsify,World,2011,0.972861399
Black salsify,World,2012,0.975465813
Black salsify,World,2013,0.97378625
Blueberry,World,2010,0.054508198
Blueberry,World,2011,0.053080891
Blueberry,World,2012,0.116644233
Blueberry,World,2013,0.145673463
Brazil nut,World,2010,0.262711465
Brazil nut,World,2011,0.241737164
Brazil nut,World,2012,0.294372024
Brazil nut,World,2013,0.321643752
Breadfruit,World,2010,0.737157037
Breadfruit,World,2011,0.779757315
Breadfruit,World,2012,0.744650017
Breadfruit,World,2013,0.774511795
Buckwheat,World,2010,0.345235346
Buckwheat,World,2011,0.518489873
Buckwheat,World,2012,0.553986073
Buckwheat,World,2013,0.542731571
Butter-nut,World,2010,0.846989962
Butter-nut,World,2011,0.842699198
Butter-nut,World,2012,0.884939157
Butter-nut,World,2013,0.880722021
Butternut squash,World,2010,0.932246725
Butternut squash,World,2011,0.930148009
Butternut squash,World,2012,0.925807189
Butternut squash,World,2013,0.928857723
Cabbages and other brassicas,World,2010,0.340161292
Cabbages and other brassicas,World,2011,0.432486935
Cabbages and other brassicas,World,2012,0.372472183
Cabbages and other brassicas,World,2013,0.330405387
Cabbages,World,2010,0.340161292
Cabbages,World,2011,0.432486935
Cabbages,World,2012,0.372472183
Cabbages,World,2013,0.330405387
Caesarweed,World,2010,0.652085141
Caesarweed,World,2011,0.616907968
Caesarweed,World,2012,0.640073897
Caesarweed,World,2013,0.618206211
Cainito,World,2010,0.998007042
Cainito,World,2011,0.998348486
Cainito,World,2012,0.998255192
Cainito,World,2013,0.998391914
Calabash,World,2010,0.990892175
Calabash,World,2011,0.990611855
Calabash,World,2012,0.992018395
Calabash,World,2013,0.992204826
Canary seed,World,2010,0.998634491
Canary seed,World,2011,0.999616233
Canary seed,World,2012,0.999645621
Canary seed,World,2013,0.991223278
Candlenut,World,2010,0.99767959
Candlenut,World,2011,0.998242042
Candlenut,World,2012,0.998440852
Candlenut,World,2013,0.998517858
Canola,World,2010,0.912521012
Canola,World,2011,0.897084552
Canola,World,2012,0.90274825
Canola,World,2013,0.926975457
Capers,World,2010,0.965845815
Capers,World,2011,0.972861399
Capers,World,2012,0.975465813
Capers,World,2013,0.97378625
Carambola,World,2010,0.482368767
Carambola,World,2011,0.571332476
Carambola,World,2012,0.556213211
Carambola,World,2013,0.585523517
Carapa,World,2010,0.99331826
Carapa,World,2011,0.994447915
Carapa,World,2012,0.995802462
Carapa,World,2013,0.996344012
Cardamoms,World,2010,0.052820967
Cardamoms,World,2011,0.041228671
Cardamoms,World,2012,0.039968106
Cardamoms,World,2013,0.025538095
Carneros Yucca,World,2010,1
Carneros Yucca,World,2011,1
Carneros Yucca,World,2012,1
Carneros Yucca,World,2013,1
Caroa,World,2010,0.426041938
Caroa,World,2011,0.412749035
Caroa,World,2012,0.485979395
Caroa,World,2013,0.512201404
Carobs,World,2010,0.194613165
Carobs,World,2011,0.158540391
Carobs,World,2012,0.178818095
Carobs,World,2013,0.161131633
Carrots,World,2010,0.821845676
Carrots,World,2011,0.815362818
Carrots,World,2012,0.818429548
Carrots,World,2013,0.849492495
Cashews,World,2010,0.77800981
Cashews,World,2011,0.757084771
Cashews,World,2012,0.810356815
Cashews,World,2013,0.814757231
Cassava,World,2010,0.895927348
Cassava,World,2011,0.903138111
Cassava,World,2012,0.911056897
Cassava,World,2013,0.913874824
Castor bean,World,2010,0.224718716
Castor bean,World,2011,0.18857269
Castor bean,World,2012,0.14209034
Castor bean,World,2013,0.13218259
Ceara,World,2010,0.994886088
Ceara,World,2011,0.995884718
Ceara,World,2012,0.997336089
Ceara,World,2013,0.998018361
Celery,World,2010,0.965845815
Celery,World,2011,0.972861399
Celery,World,2012,0.975465813
Celery,World,2013,0.97378625
Cherimoya,World,2010,0.96494572
Cherimoya,World,2011,0.968467733
Cherimoya,World,2012,0.978555212
Cherimoya,World,2013,0.979681715
Cherries,World,2010,0.628515286
Cherries,World,2011,0.597862737
Cherries,World,2012,0.586119088
Cherries,World,2013,0.607797528
Chervil,World,2010,0.953315624
Chervil,World,2011,0.960223403
Chervil,World,2012,0.966281798
Chervil,World,2013,0.962095747
Chestnuts,World,2010,0.908424263
Chestnuts,World,2011,0.922596313
Chestnuts,World,2012,0.945489918
Chestnuts,World,2013,0.933860634
Chickpeas,World,2010,0.154126434
Chickpeas,World,2011,0.149642885
Chickpeas,World,2012,0.203180107
Chickpeas,World,2013,0.196282598
Chicle,World,2010,0.005113912
Chicle,World,2011,0.004115282
Chicle,World,2012,0.002663911
Chicle,World,2013,0.001981639
Chicory,World,2010,0.777927234
Chicory,World,2011,0.763686726
Chicory,World,2012,0.748742636
Chicory,World,2013,0.77938106
Chillies and peppers,World,2010,0.963280885
Chillies and peppers,World,2011,0.957552014
Chillies and peppers,World,2012,0.958711432
Chillies and peppers,World,2013,0.961092571
Chinotto,World,2010,0.986593688
Chinotto,World,2011,0.984431078
Chinotto,World,2012,0.988512821
Chinotto,World,2013,0.990921045
Chontadura,World,2010,0.99331826
Chontadura,World,2011,0.994447915
Chontadura,World,2012,0.995802462
Chontadura,World,2013,0.996344012
Chufa,World,2010,0.995225598
Chufa,World,2011,0.996265676
Chufa,World,2012,0.996477635
Chufa,World,2013,0.995535456
Cinnamon,World,2010,0.074850301
Cinnamon,World,2011,0.065780061
Cinnamon,World,2012,0.060385013
Cinnamon,World,2013,0.062377877
Citron,World,2010,0.945906689
Citron,World,2011,0.957086321
Citron,World,2012,0.945045418
Citron,World,2013,0.969386215
Cloves,World,2010,0.569591257
Cloves,World,2011,0.712213313
Cloves,World,2012,0.658010719
Cloves,World,2013,0.663189168
Cocoa,World,2010,0.89167021
Cocoa,World,2011,0.824561137
Cocoa,World,2012,0.828478169
Cocoa,World,2013,0.828261853
Coconuts,World,2010,0.225197283
Coconuts,World,2011,0.226147455
Coconuts,World,2012,0.212886262
Coconuts,World,2013,0.212377044
Coffee,World,2010,0.952173704
Coffee,World,2011,0.96837528
Coffee,World,2012,0.963059945
Coffee,World,2013,0.951673644
Common bean,World,2010,0.965296766
Common bean,World,2011,0.976964366
Common bean,World,2012,0.965063678
Common bean,World,2013,0.971292835
Coriander,World,2010,0.446802338
Coriander,World,2011,0.51548249
Coriander,World,2012,0.533061277
Coriander,World,2013,0.525368795
Cotton,World,2010,0.968725994
Cotton,World,2011,0.9592454
Cotton,World,2012,0.938301228
Cotton,World,2013,0.949933327
Cowpeas,World,2010,0.058504464
Cowpeas,World,2011,0.078162238
Cowpeas,World,2012,0.053843001
Cowpeas,World,2013,0.047862844
Cranberries,World,2010,0.019519
Cranberries,World,2011,0.021523205
Cranberries,World,2012,0.577467529
Cranberries,World,2013,0.631712312
Cress,World,2010,0.979518869
Cress,World,2011,0.982286746
Cress,World,2012,0.985567471
Cress,World,2013,0.984413762
Cucumbers and gherkins,World,2010,0.33553947
Cucumbers and gherkins,World,2011,0.262339349
Cucumbers and gherkins,World,2012,0.264593374
Cucumbers and gherkins,World,2013,0.267329273
Cumin,World,2010,0.28926787
Cumin,World,2011,0.258652897
Cumin,World,2012,0.254320334
Cumin,World,2013,0.26752395
Currants,World,2010,0.005703025
Currants,World,2011,0.004905561
Currants,World,2012,0.005510799
Currants,World,2013,0.006394647
Cushaw,World,2010,0.988858358
Cushaw,World,2011,0.989327193
Cushaw,World,2012,0.985442324
Cushaw,World,2013,0.987805254
Custard apple,World,2010,0.977508979
Custard apple,World,2011,0.979424968
Custard apple,World,2012,0.980001242
Custard apple,World,2013,0.98053738
Dates,World,2010,0.127196554
Dates,World,2011,0.172712165
Dates,World,2012,0.133661943
Dates,World,2013,0.056729234
Devil's cotton,World,2010,0.720756353
Devil's cotton,World,2011,0.69990507
Devil's cotton,World,2012,0.680092234
Devil's cotton,World,2013,0.66346386
Dill,World,2010,0.683658869
Dill,World,2011,0.711152628
Dill,World,2012,0.67684715
Dill,World,2013,0.658118289
Durian,World,2010,0.737280213
Durian,World,2011,0.779879966
Durian,World,2012,0.74476891
Durian,World,2013,0.774624067
Eggplant,World,2010,0.104335369
Eggplant,World,2011,0.113533289
Eggplant,World,2012,0.068151092
Eggplant,World,2013,0.090087414
Elderberry,World,2010,0.972466551
Elderberry,World,2011,0.97225555
Elderberry,World,2012,0.974887626
Elderberry,World,2013,0.971894049
Esparto,World,2010,1
Esparto,World,2011,1
Esparto,World,2012,1
Esparto,World,2013,1
Ethiopian rape,World,2010,0.996016922
Ethiopian rape,World,2011,0.996603302
Ethiopian rape,World,2012,0.993867884
Ethiopian rape,World,2013,0.993486936
Faba beans,World,2010,0.992068547
Faba beans,World,2011,0.990693729
Faba beans,World,2012,0.987474275
Faba beans,World,2013,0.990432884
Feijoa,World,2010,0.96494572
Feijoa,World,2011,0.968467733
Feijoa,World,2012,0.978555212
Feijoa,World,2013,0.979681715
Fennel,World,2010,0.443442854
Fennel,World,2011,0.510050077
Fennel,World,2012,0.529860164
Fennel,World,2013,0.5234245
Fenugreek,World,2010,0.836457208
Fenugreek,World,2011,0.849265745
Fenugreek,World,2012,0.831681742
Fenugreek,World,2013,0.821113494
Fig leaf gourd,World,2010,0.973455561
Fig leaf gourd,World,2011,0.974665311
Fig leaf gourd,World,2012,0.963909869
Fig leaf gourd,World,2013,0.965387751
Figs,World,2010,0.318908069
Figs,World,2011,0.3201172
Figs,World,2012,0.312656525
Figs,World,2013,0.312847981
Finger millet,World,2010,0.927010924
Finger millet,World,2011,0.911327582
Finger millet,World,2012,0.930038654
Finger millet,World,2013,0.876691458
Fique,World,2010,0.424341061
Fique,World,2011,0.41114416
Fique,World,2012,0.484115643
Fique,World,2013,0.510468584
Flax,World,2010,0.380125575
Flax,World,2011,0.432001357
Flax,World,2012,0.331564625
Flax,World,2013,0.331307998
Fonio,World,2010,0
Fonio,World,2011,0
Fonio,World,2012,0
Fonio,World,2013,0
Foxtail millet,World,2010,0.502979474
Foxtail millet,World,2011,0.435099504
Foxtail millet,World,2012,0.465715393
Foxtail millet,World,2013,0.502127906
Garlic,World,2010,0.982020017
Garlic,World,2011,0.977876499
Garlic,World,2012,0.976831425
Garlic,World,2013,0.976738705
Giant cabuya,World,2010,0.424341061
Giant cabuya,World,2011,0.41114416
Giant cabuya,World,2012,0.484115643
Giant cabuya,World,2013,0.510468584
Ginger,World,2010,0.731642657
Ginger,World,2011,0.718642973
Ginger,World,2012,0.569893476
Ginger,World,2013,0.768656789
Gooseberries,World,2010,3.47E-05
Gooseberries,World,2011,1.97E-05
Gooseberries,World,2012,1.47E-05
Gooseberries,World,2013,1.51E-05
Grapefruits,World,2010,0.293361842
Grapefruits,World,2011,0.206374933
Grapefruits,World,2012,0.208836131
Grapefruits,World,2013,0.146446856
Grapes,World,2010,0.589307305
Grapes,World,2011,0.5212236
Grapes,World,2012,0.551175214
Grapes,World,2013,0.627496347
Grasspea,World,2010,0.929319843
Grasspea,World,2011,0.940314588
Grasspea,World,2012,0.935796187
Grasspea,World,2013,0.935957022
Groundnuts,World,2010,0.996756581
Groundnuts,World,2011,0.996535046
Groundnuts,World,2012,0.997362519
Groundnuts,World,2013,0.995133578
Guavas,World,2010,0.96796415
Guavas,World,2011,0.959492607
Guavas,World,2012,0.963542065
Guavas,World,2013,0.9679969
Guayule,World,2010,0.005113912
Guayule,World,2011,0.004115282
Guayule,World,2012,0.002663911
Guayule,World,2013,0.001981639
Gutta-percha,World,2010,1
Gutta-percha,World,2011,1
Gutta-percha,World,2012,1
Gutta-percha,World,2013,1
Hazelnuts,World,2010,0.316427886
Hazelnuts,World,2011,0.306415277
Hazelnuts,World,2012,0.321117817
Hazelnuts,World,2013,0.316544747
Hemp,World,2010,0.98365083
Hemp,World,2011,0.98491166
Hemp,World,2012,0.977414065
Hemp,World,2013,0.966582553
Hops,World,2010,0.419269086
Hops,World,2011,0.392104663
Hops,World,2012,0.514779824
Hops,World,2013,0.564384799
Horseradish,World,2010,0.98664611
Horseradish,World,2011,0.988875718
Horseradish,World,2012,0.989355016
Horseradish,World,2013,0.987917973
Huckleberry,World,2010,0.956201673
Huckleberry,World,2011,0.960093574
Huckleberry,World,2012,0.962389768
Huckleberry,World,2013,0.957684362
Jack bean,World,2010,0.997721386
Jack bean,World,2011,0.998757094
Jack bean,World,2012,0.998386605
Jack bean,World,2013,0.997708716
Jackfruit,World,2010,0.745088554
Jackfruit,World,2011,0.79145251
Jackfruit,World,2012,0.811444301
Jackfruit,World,2013,0.81089945
Japanese millet,World,2010,0.502979474
Japanese millet,World,2011,0.435099504
Japanese millet,World,2012,0.465715393
Japanese millet,World,2013,0.502127906
Jelutong,World,2010,1
Jelutong,World,2011,1
Jelutong,World,2012,1
Jelutong,World,2013,1
Jerusalem artichoke,World,2010,1
Jerusalem artichoke,World,2011,1
Jerusalem artichoke,World,2012,1
Jerusalem artichoke,World,2013,1
Jicama,World,2010,0.997721386
Jicama,World,2011,0.998757094
Jicama,World,2012,0.998386605
Jicama,World,2013,0.997708716
Jujube,World,2010,0.653376666
Jujube,World,2011,0.616402795
Jujube,World,2012,0.590063009
Jujube,World,2013,0.566951979
Jute,World,2010,0.024267868
Jute,World,2011,0.041711648
Jute,World,2012,0.032306774
Jute,World,2013,0.006913861
Kaniwa,World,2010,0.994356215
Kaniwa,World,2011,0.991692148
Kaniwa,World,2012,0.993948022
Kaniwa,World,2013,0.991395927
Kapok,World,2010,1
Kapok,World,2011,1
Kapok,World,2012,1
Kapok,World,2013,1
Karite nuts,World,2010,0
Karite nuts,World,2011,0
Karite nuts,World,2012,0
Karite nuts,World,2013,0
Kenaf,World,2010,0.428630387
Kenaf,World,2011,0.458700056
Kenaf,World,2012,0.444932352
Kenaf,World,2013,0.483999304
Kiwi fruit,World,2010,0.945065527
Kiwi fruit,World,2011,0.927447997
Kiwi fruit,World,2012,0.914121765
Kiwi fruit,World,2013,0.947511156
Kiwicha,World,2010,0.994356215
Kiwicha,World,2011,0.991692148
Kiwicha,World,2012,0.993948022
Kiwicha,World,2013,0.991395927
Kodo millet,World,2010,0.320935197
Kodo millet,World,2011,0.411446296
Kodo millet,World,2012,0.416028798
Kodo millet,World,2013,0.446215341
Kola nuts,World,2010,0
Kola nuts,World,2011,0
Kola nuts,World,2012,0
Kola nuts,World,2013,0
Kumquat,World,2010,0.317548498
Kumquat,World,2011,0.325189564
Kumquat,World,2012,0.29196964
Kumquat,World,2013,0.199108838
Lablab,World,2010,0.897140435
Lablab,World,2011,0.895824107
Lablab,World,2012,0.897511481
Lablab,World,2013,0.90175784
Leeks and other alliaceous vegetables,World,2010,0.578210617
Leeks and other alliaceous vegetables,World,2011,0.594045687
Leeks and other alliaceous vegetables,World,2012,0.596860765
Leeks and other alliaceous vegetables,World,2013,0.597848999
Lemons and limes,World,2010,0.398093066
Lemons and limes,World,2011,0.349546236
Lemons and limes,World,2012,0.370582928
Lemons and limes,World,2013,0.354128347
Lentils,World,2010,0.559850508
Lentils,World,2011,0.566713091
Lentils,World,2012,0.540331858
Lentils,World,2013,0.591253431
Lettuce,World,2010,0.794535467
Lettuce,World,2011,0.784950894
Lettuce,World,2012,0.76871283
Lettuce,World,2013,0.796091265
Lima bean,World,2010,0.965296766
Lima bean,World,2011,0.976964366
Lima bean,World,2012,0.965063678
Lima bean,World,2013,0.971292835
Litchi,World,2010,0.653376666
Litchi,World,2011,0.616402795
Litchi,World,2012,0.590063009
Litchi,World,2013,0.566951979
Little millet,World,2010,0.5028023
Little millet,World,2011,0.434808868
Little millet,World,2012,0.465557193
Little millet,World,2013,0.502011994
Longan,World,2010,0.745088554
Longan,World,2011,0.79145251
Longan,World,2012,0.811444301
Longan,World,2013,0.81089945
Loquat,World,2010,0.653376666
Loquat,World,2011,0.616402795
Loquat,World,2012,0.590063009
Loquat,World,2013,0.566951979
Lupins,World,2010,0.857540595
Lupins,World,2011,0.869389214
Lupins,World,2012,0.876173219
Lupins,World,2013,0.800077464
Maca,World,2010,0.95482776
Maca,World,2011,0.946567059
Maca,World,2012,0.943460334
Maca,World,2013,0.951231381
Macadamia nut,World,2010,0.966405677
Macadamia nut,World,2011,0.963613802
Macadamia nut,World,2012,0.955283666
Macadamia nut,World,2013,0.958648853
Mahuwa,World,2010,0.961684159
Mahuwa,World,2011,0.913482484
Mahuwa,World,2012,0.926305278
Mahuwa,World,2013,0.935279387
Maize,World,2010,0.967802989
Maize,World,2011,0.970585583
Maize,World,2012,0.97156748
Maize,World,2013,0.976991686
Mamey sapote,World,2010,0.977508979
Mamey sapote,World,2011,0.979424968
Mamey sapote,World,2012,0.980001242
Mamey sapote,World,2013,0.98053738
Mammee,World,2010,0.96494572
Mammee,World,2011,0.968467733
Mammee,World,2012,0.978555212
Mammee,World,2013,0.979681715
Mandarines,World,2010,0.682488521
Mandarines,World,2011,0.560791957
Mandarines,World,2012,0.543675742
Mandarines,World,2013,0.477759449
Mango,World,2010,0.580907922
Mango,World,2011,0.59632903
Mango,World,2012,0.582849559
Mango,World,2013,0.595442571
Mangosteen,World,2010,0.925528489
Mangosteen,World,2011,0.904925935
Mangosteen,World,2012,0.894961743
Mangosteen,World,2013,0.89699004
Maple sugar,World,2010,1
Maple sugar,World,2011,1
Maple sugar,World,2012,1
Maple sugar,World,2013,1
Marjoram,World,2010,0.988628369
Marjoram,World,2011,0.989112851
Marjoram,World,2012,0.990733936
Marjoram,World,2013,0.989864616
Mashua,World,2010,0.95482776
Mashua,World,2011,0.946567059
Mashua,World,2012,0.943460334
Mashua,World,2013,0.951231381
Mat bean,World,2010,0.932954379
Mat bean,World,2011,0.950953643
Mat bean,World,2012,0.953583397
Mat bean,World,2013,0.96346539
Mate,World,2010,0
Mate,World,2011,0
Mate,World,2012,0
Mate,World,2013,0
Mauka,World,2010,0.95482776
Mauka,World,2011,0.946567059
Mauka,World,2012,0.943460334
Mauka,World,2013,0.951231381
Medlar,World,2010,0.965613062
Medlar,World,2011,0.964398146
Medlar,World,2012,0.957824293
Medlar,World,2013,0.955710458
Melons,World,2010,0.281861382
Melons,World,2011,0.259520541
Melons,World,2012,0.284757981
Melons,World,2013,0.139547105
Mombin,World,2010,0.942454699
Mombin,World,2011,0.947892702
Mombin,World,2012,0.958556455
Mombin,World,2013,0.960219095
Mulberry,World,2010,0.886838039
Mulberry,World,2011,0.896891305
Mulberry,World,2012,0.886075001
Mulberry,World,2013,0.904192495
Mung bean,World,2010,0.373986769
Mung bean,World,2011,0.291925826
Mung bean,World,2012,0.350914269
Mung bean,World,2013,0.317712396
Myrtle,World,2010,0.655283832
Myrtle,World,2011,0.687816068
Myrtle,World,2012,0.66251061
Myrtle,World,2013,0.721202487
Naranjilla,World,2010,0.998954395
Naranjilla,World,2011,0.999399262
Naranjilla,World,2012,0.999569678
Naranjilla,World,2013,0.999588883
New Zealand flax,World,2010,0.915295769
New Zealand flax,World,2011,0.915341254
New Zealand flax,World,2012,0.90914849
New Zealand flax,World,2013,0.891587849
New Zealand Spinach,World,2010,0.125174899
New Zealand Spinach,World,2011,0.079408895
New Zealand Spinach,World,2012,0.045937913
New Zealand Spinach,World,2013,0.077057662
Noog,World,2010,0.961065706
Noog,World,2011,0.962964127
Noog,World,2012,0.953483131
Noog,World,2013,0.967350729
Nutmeg,World,2010,0.052820967
Nutmeg,World,2011,0.041228671
Nutmeg,World,2012,0.039968106
Nutmeg,World,2013,0.025538095
Oats,World,2010,0.65429424
Oats,World,2011,0.620251236
Oats,World,2012,0.599466985
Oats,World,2013,0.619977622
Oca,World,2010,0.95482776
Oca,World,2011,0.946567059
Oca,World,2012,0.943460334
Oca,World,2013,0.951231381
Oil palm,World,2010,0.95443033
Oil palm,World,2011,0.960325369
Oil palm,World,2012,0.958768093
Oil palm,World,2013,0.954193916
Oiticica,World,2010,0.99331826
Oiticica,World,2011,0.994447915
Oiticica,World,2012,0.995802462
Oiticica,World,2013,0.996344012
Okra,World,2010,0.405769707
Okra,World,2011,0.294979474
Okra,World,2012,0.381540726
Okra,World,2013,0.390256256
Olives,World,2010,0.017577588
Olives,World,2011,0.017167793
Olives,World,2012,0.023813949
Olives,World,2013,0.024912197
Onions,World,2010,0.939629303
Onions,World,2011,0.925591599
Onions,World,2012,0.949070297
Onions,World,2013,0.960700329
Orache,World,2010,0.057699351
Orache,World,2011,0.039451004
Orache,World,2012,0.023933248
Orache,World,2013,0.03998065
Oranges,World,2010,0.682488521
Oranges,World,2011,0.560791957
Oranges,World,2012,0.543675742
Oranges,World,2013,0.477759449
Papayas,World,2010,0.63220282
Papayas,World,2011,0.621887659
Papayas,World,2012,0.696062068
Papayas,World,2013,0.69241744
Parsley,World,2010,0.965845815
Parsley,World,2011,0.972861399
Parsley,World,2012,0.975465813
Parsley,World,2013,0.97378625
Parsnip,World,2010,0.95805788
Parsnip,World,2011,0.966587657
Parsnip,World,2012,0.969095169
Parsnip,World,2013,0.966496001
Passionfruit,World,2010,0.944447658
Passionfruit,World,2011,0.949544216
Passionfruit,World,2012,0.960301263
Passionfruit,World,2013,0.961827181
Pawpaw,World,2010,0.999951383
Pawpaw,World,2011,0.999935914
Pawpaw,World,2012,0.999913841
Pawpaw,World,2013,0.999924042
Peaches and nectarines,World,2010,0.463361006
Peaches and nectarines,World,2011,0.226690935
Peaches and nectarines,World,2012,0.225196444
Peaches and nectarines,World,2013,0.243218142
Pearl millet,World,2010,0.321112371
Pearl millet,World,2011,0.411736932
Pearl millet,World,2012,0.416186998
Pearl millet,World,2013,0.446331253
Pears,World,2010,0.21789156
Pears,World,2011,0.089710232
Pears,World,2012,0.115803774
Pears,World,2013,0.138468302
Peas,World,2010,0.872763814
Peas,World,2011,0.936361516
Peas,World,2012,0.938638995
Peas,World,2013,0.918474074
Pecan,World,2010,0.687285904
Pecan,World,2011,0.74434371
Pecan,World,2012,0.798949769
Pecan,World,2013,0.80986745
Pepper,World,2010,0.863041924
Pepper,World,2011,0.85377034
Pepper,World,2012,0.888202024
Pepper,World,2013,0.89605102
Peppermint,World,2010,0
Peppermint,World,2011,0
Peppermint,World,2012,0
Peppermint,World,2013,0
Perilla,World,2010,0.959363749
Perilla,World,2011,0.911724526
Perilla,World,2012,0.92474613
Perilla,World,2013,0.933797245
Persimmons,World,2010,0.087842386
Persimmons,World,2011,0.09402879
Persimmons,World,2012,0.083119262
Persimmons,World,2013,0.108520113
Physic nut,World,2010,1
Physic nut,World,2011,1
Physic nut,World,2012,1
Physic nut,World,2013,1
Pigeonpeas,World,2010,0.138240502
Pigeonpeas,World,2011,0.110656861
Pigeonpeas,World,2012,0.142575373
Pigeonpeas,World,2013,0.130909461
Pili nut,World,2010,0.940291099
Pili nut,World,2011,0.947196583
Pili nut,World,2012,0.936673967
Pili nut,World,2013,0.930025007
Pine nut,World,2010,0.971559957
Pine nut,World,2011,0.97218069
Pine nut,World,2012,0.968994762
Pine nut,World,2013,0.967930857
Pineapples,World,2010,0.771351583
Pineapples,World,2011,0.771679321
Pineapples,World,2012,0.775624064
Pineapples,World,2013,0.780374048
Pistachios,World,2010,0.597315362
Pistachios,World,2011,0.632991394
Pistachios,World,2012,0.572251535
Pistachios,World,2013,0.504696641
Plantains,World,2010,1
Plantains,World,2011,1
Plantains,World,2012,1
Plantains,World,2013,1
Plums,World,2010,0.280606091
Plums,World,2011,0.237291108
Plums,World,2012,0.237220912
Plums,World,2013,0.07666013
Pomegranate,World,2010,0.720289726
Pomegranate,World,2011,0.726262759
Pomegranate,World,2012,0.716774787
Pomegranate,World,2013,0.728096953
Pongamia oil,World,2010,0.959363749
Pongamia oil,World,2011,0.911724526
Pongamia oil,World,2012,0.92474613
Pongamia oil,World,2013,0.933797245
Poppies,World,2010,0.42692729
Poppies,World,2011,0.44465318
Poppies,World,2012,0.594393734
Poppies,World,2013,0.459523781
Potatoes,World,2010,0.981788726
Potatoes,World,2011,0.985512261
Potatoes,World,2012,0.979957336
Potatoes,World,2013,0.983270875
Prickly pear,World,2010,0.979991556
Prickly pear,World,2011,0.980721394
Prickly pear,World,2012,0.978689589
Prickly pear,World,2013,0.977227227
Proso millet,World,2010,0.499116053
Proso millet,World,2011,0.414298406
Proso millet,World,2012,0.458534855
Proso millet,World,2013,0.492166047
Pumpkin,World,2010,0.991609886
Pumpkin,World,2011,0.99257084
Pumpkin,World,2012,0.989927697
Pumpkin,World,2013,0.988663643
Purging croton,World,2010,0.300881429
Purging croton,World,2011,0.225504713
Purging croton,World,2012,0.190990081
Purging croton,World,2013,0.170926725
Pyrethrum,World,2010,1
Pyrethrum,World,2011,1
Pyrethrum,World,2012,1
Pyrethrum,World,2013,1
Quinces,World,2010,0.638710394
Quinces,World,2011,0.689536597
Quinces,World,2012,0.670305624
Quinces,World,2013,0.656230562
Quinoa,World,2010,0.5
Quinoa,World,2011,0.5
Quinoa,World,2012,0.5
Quinoa,World,2013,0.5
Radish,World,2010,0.965845815
Radish,World,2011,0.972861399
Radish,World,2012,0.975465813
Radish,World,2013,0.97378625
Rambutan,World,2010,0.737280213
Rambutan,World,2011,0.779879966
Rambutan,World,2012,0.74476891
Rambutan,World,2013,0.774624067
Ramie,World,2010,0.989760176
Ramie,World,2011,0.991481251
Ramie,World,2012,0.99080954
Ramie,World,2013,0.978989557
Rapeseed and Mustards,World,2010,0.927685237
Rapeseed and Mustards,World,2011,0.924124329
Rapeseed and Mustards,World,2012,0.930529548
Rapeseed and Mustards,World,2013,0.954859617
Raspberries,World,2010,0.048952871
Raspberries,World,2011,0.052963831
Raspberries,World,2012,0.121536192
Raspberries,World,2013,0.112916117
Rhubarb,World,2010,0.336466906
Rhubarb,World,2011,0.29889119
Rhubarb,World,2012,0.28526113
Rhubarb,World,2013,0.278599325
Rice (African),World,2010,0.987230091
Rice (African),World,2011,0.988181978
Rice (African),World,2012,0.987937556
Rice (African),World,2013,0.986433292
Rice (Asian),World,2010,0.09278841
Rice (Asian),World,2011,0.077453458
Rice (Asian),World,2012,0.076305154
Rice (Asian),World,2013,0.084073746
Rice bean,World,2010,0.902841319
Rice bean,World,2011,0.931131174
Rice bean,World,2012,0.931879594
Rice bean,World,2013,0.935890875
Roselle,World,2010,0.997205501
Roselle,World,2011,0.996752803
Roselle,World,2012,0.997528832
Roselle,World,2013,0.996956857
"Rubber, natural",World,2010,0.993478178
"Rubber, natural",World,2011,0.993443553
"Rubber, natural",World,2012,0.993041246
"Rubber, natural",World,2013,0.992723016
Runner bean,World,2010,0.975804033
Runner bean,World,2011,0.983451302
Runner bean,World,2012,0.973735134
Runner bean,World,2013,0.979278583
Rye,World,2010,0.969785876
Rye,World,2011,0.972168733
Rye,World,2012,0.976793014
Rye,World,2013,0.985570082
Safflower,World,2010,0.796891443
Safflower,World,2011,0.831357884
Safflower,World,2012,0.837495589
Safflower,World,2013,0.669624895
Saffron,World,2010,0.686184015
Saffron,World,2011,0.713997518
Saffron,World,2012,0.680019976
Saffron,World,2013,0.661297521
Sago palm,World,2010,0.952978129
Sago palm,World,2011,0.945328414
Sago palm,World,2012,0.959070984
Sago palm,World,2013,0.954853264
Salsify,World,2010,0.97165149
Salsify,World,2011,0.978898008
Salsify,World,2012,0.980457538
Salsify,World,2013,0.979129855
Sapodilla,World,2010,0.977508979
Sapodilla,World,2011,0.979424968
Sapodilla,World,2012,0.980001242
Sapodilla,World,2013,0.98053738
Savory,World,2010,0.965845815
Savory,World,2011,0.972861399
Savory,World,2012,0.975465813
Savory,World,2013,0.97378625
Service tree,World,2010,0.972515168
Service tree,World,2011,0.972319636
Service tree,World,2012,0.974973785
Service tree,World,2013,0.971970007
Sesame,World,2010,0.719677663
Sesame,World,2011,0.644480862
Sesame,World,2012,0.745082745
Sesame,World,2013,0.636946153
Shala tree,World,2010,0.961684159
Shala tree,World,2011,0.913482484
Shala tree,World,2012,0.926305278
Shala tree,World,2013,0.935279387
Sisal,World,2010,0.888556139
Sisal,World,2011,0.951633508
Sisal,World,2012,0.847223114
Sisal,World,2013,0.982201476
Snake plant,World,2010,1
Snake plant,World,2011,1
Snake plant,World,2012,1
Snake plant,World,2013,1
Sorghum,World,2010,0.509017772
Sorghum,World,2011,0.528359795
Sorghum,World,2012,0.565572488
Sorghum,World,2013,0.544544738
Sorrel,World,2010,0.931198917
Sorrel,World,2011,0.938910476
Sorrel,World,2012,0.943789314
Sorrel,World,2013,0.940260358
Soursop,World,2010,0.977508979
Soursop,World,2011,0.979424968
Soursop,World,2012,0.980001242
Soursop,World,2013,0.98053738
Soybeans,World,2010,0.799760275
Soybeans,World,2011,0.811469006
Soybeans,World,2012,0.830852317
Soybeans,World,2013,0.874787302
Spinach,World,2010,0.981103712
Spinach,World,2011,0.989497112
Spinach,World,2012,0.994405024
Spinach,World,2013,0.990710053
Strawberries,World,2010,0.854630492
Strawberries,World,2011,0.92040816
Strawberries,World,2012,0.858623656
Strawberries,World,2013,0.872204184
Strawberry tree,World,2010,0.957946029
Strawberry tree,World,2011,0.961243567
Strawberry tree,World,2012,0.961371702
Strawberry tree,World,2013,0.961402693
Sugar apple,World,2010,0.977508979
Sugar apple,World,2011,0.979424968
Sugar apple,World,2012,0.980001242
Sugar apple,World,2013,0.98053738
Sugar beets,World,2010,0.369501104
Sugar beets,World,2011,0.352883561
Sugar beets,World,2012,0.379226136
Sugar beets,World,2013,0.351504007
Sugarcane,World,2010,0.88203319
Sugarcane,World,2011,0.856565413
Sugarcane,World,2012,0.882226373
Sugarcane,World,2013,0.85549641
Sunflowers,World,2010,0.966606269
Sunflowers,World,2011,0.980436094
Sunflowers,World,2012,0.975359881
Sunflowers,World,2013,0.985834728
Sunn hemp,World,2010,0.428630387
Sunn hemp,World,2011,0.458700056
Sunn hemp,World,2012,0.444932352
Sunn hemp,World,2013,0.483999304
Sweetpotatoes,World,2010,0.995309077
Sweetpotatoes,World,2011,0.994058379
Sweetpotatoes,World,2012,0.994612804
Sweetpotatoes,World,2013,0.994051642
Sword bean,World,2010,0.927747066
Sword bean,World,2011,0.912327854
Sword bean,World,2012,0.926833773
Sword bean,World,2013,0.92600604
Tamarind,World,2010,0.898495179
Tamarind,World,2011,0.920647218
Tamarind,World,2012,0.955247699
Tamarind,World,2013,0.955246941
Taro,World,2010,0.973488721
Taro,World,2011,0.975946234
Taro,World,2012,0.962621112
Taro,World,2013,0.966629037
Tarragon,World,2010,0.167582107
Tarragon,World,2011,0.152965773
Tarragon,World,2012,0.144449641
Tarragon,World,2013,0.141715759
Tea,World,2010,0.103275108
Tea,World,2011,0.087383569
Tea,World,2012,0.084530343
Tea,World,2013,0.071945234
Teff,World,2010,0.950062732
Teff,World,2011,0.938708359
Teff,World,2012,0.947642665
Teff,World,2013,0.902708042
Tepary bean,World,2010,0.975804033
Tepary bean,World,2011,0.983451302
Tepary bean,World,2012,0.973735134
Tepary bean,World,2013,0.979278583
Thyme,World,2010,0.843439333
Thyme,World,2011,0.858162183
Thyme,World,2012,0.841204591
Thyme,World,2013,0.83169693
Tobacco,World,2010,0.993883549
Tobacco,World,2011,0.992446668
Tobacco,World,2012,0.994537235
Tobacco,World,2013,0.994427381
Tomatoes,World,2010,0.979513027
Tomatoes,World,2011,0.98239631
Tomatoes,World,2012,0.981530523
Tomatoes,World,2013,0.981886179
Triticale,World,2010,0.980466473
Triticale,World,2011,0.982654904
Triticale,World,2012,0.983749108
Triticale,World,2013,0.979273671
Tung nuts,World,2010,0.055042771
Tung nuts,World,2011,0.064652168
Tung nuts,World,2012,0.028875644
Tung nuts,World,2013,0.01993783
Turmeric,World,2010,0.585655285
Turmeric,World,2011,0.560568042
Turmeric,World,2012,0.618572525
Turmeric,World,2013,0.654290698
Turnips,World,2010,0.821845676
Turnips,World,2011,0.815362818
Turnips,World,2012,0.818429548
Turnips,World,2013,0.849492495
Ulluco,World,2010,0.95482776
Ulluco,World,2011,0.946567059
Ulluco,World,2012,0.943460334
Ulluco,World,2013,0.951231381
Vanilla,World,2010,0.967238504
Vanilla,World,2011,0.95334258
Vanilla,World,2012,0.948178784
Vanilla,World,2013,0.906096739
Velvet bean,World,2010,0.356493162
Velvet bean,World,2011,0.370202871
Velvet bean,World,2012,0.356634852
Velvet bean,World,2013,0.396031642
Velvet leaf,World,2010,0.738789736
Velvet leaf,World,2011,0.71655494
Velvet leaf,World,2012,0.700866131
Velvet leaf,World,2013,0.685794598
Vetch,World,2010,0.254796766
Vetch,World,2011,0.450043691
Vetch,World,2012,0.494116337
Vetch,World,2013,0.359846849
Walnuts,World,2010,0.822493361
Walnuts,World,2011,0.854147279
Walnuts,World,2012,0.853614227
Walnuts,World,2013,0.798085485
Watercress,World,2010,0.923410982
Watercress,World,2011,0.932636735
Watercress,World,2012,0.937418669
Watercress,World,2013,0.932970109
Watermelons,World,2010,0.998445341
Watermelons,World,2011,0.998451177
Watermelons,World,2012,0.998540845
Watermelons,World,2013,0.997756306
Wheat,World,2010,0.809085161
Wheat,World,2011,0.803267147
Wheat,World,2012,0.832373756
Wheat,World,2013,0.809366661
Wildrice,World,2010,1
Wildrice,World,2011,1
Wildrice,World,2012,1
Wildrice,World,2013,1
Winged bean,World,2010,0.907403886
Winged bean,World,2011,0.902439736
Winged bean,World,2012,0.918440284
Winged bean,World,2013,0.917046557
Yams,World,2010,0.075780238
Yams,World,2011,0.075244789
Yams,World,2012,0.103105431
Yams,World,2013,0.085060085
"Yautia, cocoyam",World,2010,0.033199165
"Yautia, cocoyam",World,2011,0.029641593
"Yautia, cocoyam",World,2012,0.037558913
"Yautia, cocoyam",World,2013,0.020771649
Year bean,World,2010,0.975804033
Year bean,World,2011,0.983451302
Year bean,World,2012,0.973735134
Year bean,World,2013,0.979278583
Zucchini,World,2010,0.988858358
Zucchini,World,2011,0.989327193
Zucchini,World,2012,0.985442324
Zucchini,World,2013,0.987805254
